id,label
07,0.09930898249149323
05,2.116368066996523e-17
09,5.681247139399659e-11
02,0.020825155079364777
01,0.014783832244575024
08,0.008766751736402512
10,0.011457950808107853
03,2.6365451446938635e-18
06,0.002327268710359931
04,1.5974469637976708e-15
